<?xml version="1.0" encoding="UTF-8"?><rss xmlns:dc="http://purl.org/dc/elements/1.1/" xmlns:content="http://purl.org/rss/1.0/modules/content/" xmlns:atom="http://www.w3.org/2005/Atom" version="2.0"><channel><title><![CDATA[The TechRen Foundation]]></title><description><![CDATA[We cater to individuals with special needs by providing Intergrated community-based activities, work study programs & Technology Training.]]></description><link>https://www.thetechrenfoundation.org/blog</link><generator>RSS for Node</generator><lastBuildDate>Mon, 09 Jun 2025 03:13:54 GMT</lastBuildDate><atom:link href="https://www.thetechrenfoundation.org/blog-feed.xml" rel="self" type="application/rss+xml"/></channel></rss>